UID,From Bus,To Bus,R,X,B,Cont Rating,Tr Ratio
"branch4",2,3,0.00108,0.0108,0.01852,12,0
"branch1",1,2,0.00281,0.0281,0.00712,2,0
"branch2",1,4,0.00304,0.0304,0.00658,2,0
"branch7",4,10,0.00297,0.0297,0.00674,2,0
"branch3",1,10,0.00064,0.0064,0.03126,10,0
"branch5",3,4,0.00297,0.0297,0.00337,10,1.05
"branch6",3,4,0.003274425,0.03274425,0.003056689,4.26,0.952380952
