Bus ID,Bus Name,BaseKV,Bus Type,MW Load,MVAR Load,V Mag,V Angle,Area
1,bus1,230,PV,0,0,1,0.048935018,1
4,bus4,230,REF,4,1.3147,1,0,1
10,bus5,230,PV,0,0,1,0.06266308,1
2,bus2,230,PQ,3,0.9861,1.08407,-0.012822061,1
3,bus3,230,PV,3,0.9861,1,-0.009768957,1
